"DISTRIBUTOR_ID","NAME"
"11b3d1ce-c85e-4a26-a899-2723d54f5dc8",First Run
be2ac7ca-5e97-4ec2-961b-406fc195cb6c,"518 Media"
"9542008e-1bf6-4228-b432-bf921e2975ee",Silver Nitrate
"7361a591-dabd-4448-9448-ffbe4bbae0f4",The Film Desk
ef08e963-b7be-4869-804a-80d54caea9c1,Cinipix
"6abd501d-2dff-4c41-af2d-2398293317c3",Kino Lorber
"9968056f-356b-4d3c-9b1a-381d250b6ba6",Pro-Motion Pictures
a461efbf-36f3-4b87-bcb5-05f901bf55ad,Grasshopper Film
"6447b99a-3817-4fbd-a211-318204761846",Indican Pictures
cc009349-c1e4-49a9-af23-df6994917ea6,Shadow Distribution
"5ec88f3a-26e0-4630-a7e8-5e652153b793",Kicking + Screening Media Group
"5b6aa7e5-581f-46b6-a9f3-7130592e11df",Pryor Entertainment
"69861152-701d-4b3c-959d-8c642461ff0f",LAMA Distribution
c06970e3-ca17-49a9-85f6-cd945af8d7c1,Gravitas Ventures
c2887491-b025-46c9-8768-a9d70921aabf,Faith Media Distribution
ecc00af3-42d9-4ab7-8eb3-dc90ba302752,Screen Media Films
"22938655-f6c2-4166-8ee8-1c3d783d5d86",Datari Turner Productions
d60f4073-1768-4e85-b58e-598b7cc6b2b7,SModcast Pictures
"7f679aa3-4ab6-42b0-8092-0a26578f864f",Good Deed Entertainment
"0023eff2-910f-4476-a945-c7b32d9b5bc5",Waldo West Productions
"395ecaab-16e6-477f-9e8c-7ebdc604c301",Reel One Entertainment
"88a8d3e2-edf8-494a-93f5-515a2852ecd1",IMAX
"0ba4f53e-83c6-407a-bfce-998e05c7f816",The Ashton Times
"910b82e0-7339-4078-a6da-f22f1aab2443",MPI Media Group
"6f0f7354-20ed-4710-89df-769d889ee9c0",Tugg
eab90b82-da81-47d8-9e21-d8b50e11278d,Mongrel Media
"505d16c3-b906-4b28-808d-0a1f1fceb70a",Vitagraph Films
"0a78bbe5-c77a-4a51-9454-2e3f1ba0e296",Reactor 88 Studios
db3e84a1-2920-499a-97ca-2a278a03acf8,Menemsha Films
fbc5e8a8-b754-4d35-adf0-d2db851927dd,Rumur Releasing
b1867762-5a66-408f-9274-a4f70a707c57,Palm Pictures
"68a8f250-0d2b-4305-bf51-2ee5aee64a98",Wonder Vision
"505b38ad-1e2e-457e-b904-ff54bb838aa1",Film Movement
"3aca44f0-3a41-44c7-bc0a-811e4cbdaa5b",Phantom Mentor Digital
"59a1afbd-37f2-4a2a-8cb2-124829ac2904",Long Shot Factory
"36ce33ad-7b47-4c31-b6d3-49216c7e61b4",HP Releasing
"46c1bdeb-a317-4142-86ab-f58be58bd597",Distrib Films
b36f4a07-0415-40d6-8220-a14c650db36d,Breaking Glass Pictures
"7c035b50-d9dd-4d57-8a34-a8ade6957443",CineLife Entertainment
"7d751b9e-8b9a-4c27-af30-6b6ca2529915",Eleven Arts
"8e208a5a-f774-44a6-b667-db02b558d571",Reliance Entertainment
"1e93d188-6ed0-4fce-aaa0-6743263cbbcd",Parallel Media
"7eec9f17-2a0e-4e07-ab3d-3b111171318d",Metrograph Pictures
"1f5c4b54-b6d8-4713-84a4-6b81ecc8c9b6",Strand Releasing
c87917fd-79b1-4b7e-ae1b-2bc28ec38bd9,Romar Entertainment
a5162929-874b-4303-96cd-28ce117a1662,Passion River Films
a2ba243d-ea24-4501-a543-871e4e5e3eb8,Scarlet Sky Productions
"3e4819a1-16aa-4d8b-b1e3-978d8eba57fe",Midnight Movies
a7d28e5a-0644-483a-bbc5-75efff9b02be,Gaumont British Picture Corporation
"1cbad994-98e0-4894-8b67-d4c7763acfca",Oscilloscope
"81f4048b-d42c-4ec4-a772-3a2cb0fbc458",Music Box Films
"6aeeaf4e-2ee5-4e32-9df5-17259d871045",FilmRise
cec5be76-adb5-4b63-9a13-0a7818f9a9c1,Paladin
"36c8c1e4-d17a-4abe-8a57-4a5c265b2589",Sundance Film Series
fba048e4-c9fe-4b91-880f-d3c0be9f90f8,Five Sisters Productions
"56df0274-31f4-4521-ab6f-281088efae17",TLA Releasing
"5739f3c7-62ff-41f9-bcc0-c7e84a32cde8",Regent Releasing
"8fa24b02-3e73-4c58-bff3-f0d1b9ded0ac",Fox Trail Productions
"7b6efa7f-bd67-4154-a274-813750743d90",Driving With Our Eyes Shut
"6fa589aa-c04f-472d-9baf-0537c2f9438a",China Lion Film Distribution
b84d2894-48b9-46d3-bd7d-206fd91f2f49,Dutchmen Films
"6628a64d-8c43-4ac3-a565-4f4680863fde",Forewarned
b51916cf-2265-4313-b60d-6ede25e72d7e,Seventh Art Releasing
e853fd8f-ea4e-434d-95ab-3439a5663dec,Gunpowder & Sky
"7701da34-1ffe-4275-8f23-5212d43b1c8f",Vineyard Distribution
"73676a56-b58e-4626-b1e9-6ae3b08610e7",LifeWay Films
"0d52939e-33e2-4654-afb6-9b5468435a77",Avatar Films
"1aec8e77-ab79-4220-8592-18e031d88ff4",Gabriel's Messenger Films
"3d17fd21-1390-482b-881c-2d66bd92388a",Drafthouse Films
"682ad332-e8e0-465c-bbbe-11156623932c",Amplify
"9c96ce71-8f98-479f-a8a6-a4a550c251da",International Film Circuit
"0d0e78a5-c812-44e1-911f-e18ade52b48c",Variance Films
"79d9083f-1061-4af8-af69-e403563cbfb6",FilmDemic
"9f0962b8-310d-49d2-aa4e-b31194ee940f",Gigapix Releasing
f6042609-e616-40d7-b517-4e686e39d5cd,CFI Releasing
"8460e07d-c3f6-4d23-863b-e57760152c0d",PBS Distribution
"2aa82a74-2032-4e26-9775-53fdecdda596",Big World Pictures
"68188054-f03e-4631-81f9-6f2dc43c4e3e",Artsploitation Films
"6e22d6b4-98e6-4baa-81ad-223a0e6b0e21",Parade Deck Films
eaa50098-e705-4258-92c9-ad648a341e36,Shorts International
d228e0d4-1efe-4ff6-855d-f4f4f687870a,Universal Home Video
"3db2d585-87c6-406f-8882-cb7223a05017",K Street Pictures
d9dcfd88-6644-4b4f-9c2f-a5d7324a4da5,Madman Entertainment
"4416b5d3-963d-4e42-a072-be1c6602b1d9",Zee Studios
e700e8ad-7a77-42ee-8192-62934442e763,Entertainment Squad
"1c20d269-b44a-4dd9-a5b1-07ba12746d17",Flyhigh Cinemas
e8d10012-7596-4d64-9b54-7dc35bd87617,Rialto Distribution
c7f29e9a-50df-44de-8d3e-991160423703,Super LTD
"22ad4ead-c142-4d99-817c-e71827564ef6",Integrity Releasing
d4f4c178-2b91-4043-90d0-a3f95359a691,Sunrayz International Films
"36b662f6-6aba-4033-9c69-72fac1b37995",Sony Pictures Releasing
"3bc3e5dd-ac74-49fd-b8cb-250f6dcd2405",Vision Films
"565bd6f6-e270-4547-8030-cb38cc2149cd",Shout! Factory
"109b2a9e-d138-4c32-81f9-6f83b4dbee73",Deskpop Entertainment
ac45d434-2dce-4754-ba20-93395a2f85d2,Utopia
ecd94f4b-6e28-48a9-ba29-4274a6a2aabd,Briarcliff Entertainment
"4e23892f-32bc-4e3f-b156-66d38f93978f",Paramount Pictures International
"7dbbad10-dfcd-4d78-a31b-195a976d79c2",Collide Distribution
"496c0d15-6757-4cd6-a68b-438d0f691efd",Crunchyroll
"01b4a514-56f9-4894-a7e9-c8a38b5d9efd",Seventy-Seven
"9a1e7486-c4fd-4f5b-b3e5-ce0930320566",Columbia Pictures
bed3916b-cabc-478b-bd64-3ffe2dc22da5,Prime Media Pictures
c08b07ba-b9cc-47cd-8b87-e2b9cb430e55,D'Souza Media
fe8cdd36-46b8-4b14-80ec-51ff39f1b7c4,Tricycle Logic
"18b96d2e-af55-4463-a819-4f11a84b88f5",Wide Lens Pictures
b7dfe1eb-04ff-4f47-8812-f2883a8a5779,Archway Pictures
c4894d0e-0a40-4d55-a58f-46ac48b91084,Gravitas Premiere
"170372a9-c39e-4fc6-8b01-4b202da9eeed",Picturehouse Entertainment
"3f4506f6-1325-4ddc-8f89-a77c5140f789",Avenue Pictures Productions
"86a6c8ca-5d20-4344-bcd8-822b7125c14a",The Avenue Entertainment
"4c281b44-e5fd-47ec-9975-6aef2f4ebc3a",UP2U Films
ea0568be-d76a-4eeb-95c1-ff642ac4f6cc,Walt Disney Pictures
f2ae38fb-faf1-494f-858a-9567a48ed2e7,Sarigama Cinemas
"7ec0683f-6c17-4fc4-a6c6-1c42dcd3d3b7",Golden Brown & Deep Fried Movie
a4af3422-820d-471e-9cb4-c4745d7fc191,Breakthrough Entertainment
c94df05d-79fe-46b7-9d2a-e15f84f2081e,Netflix
"190e7689-6c4f-40ad-9ec6-81c886397a76",Reel Peak Films
da67c6a3-8de4-4333-88f6-0ee29faeb98a,Yash Raj Films USA Inc.
"3721ed88-f662-4643-aa4b-2a98183815dd",Hidden Empire Film Group (HEFG)
"342393e1-96fb-414c-8945-9085909fbc45",Shout! Studios
"299a430f-af36-4094-9ebd-b349d9a106ca",Paramount Pictures
"9246d450-bd4a-454f-9ea8-e0810007f72a",Screen Gems
"807803e5-6f30-450b-ad49-3cce6a7c0876",Walt Disney Studios Motion Pictures
"47dda236-38de-4c16-a853-ef05391e3a8c",Universal Pictures
"31da75fb-1387-42be-b7f5-37f4a2dba9ac",New Line Cinema
"5e713db9-bd52-4ee7-8233-ba64229a2ad8",Miramax
"957470e9-b81f-476a-ad12-017be527e8b5",DreamWorks Distribution
"9f10d01c-6b31-4081-a010-5c028ac4b329",Fox Searchlight Pictures
d5423c4b-b87d-4c1f-8880-f1be655b3a11,Focus Features
b241a656-1e73-456c-aeab-4066e6d8fcd0,Twentieth Century Fox
"2843daa6-c152-43b4-bac9-9449aac5dde4",Metro-Goldwyn-Mayer (MGM)
d15b1b0c-7aba-4dd8-b181-efbd776b3f3e,Warner Bros.
"4e71e738-c017-493c-bc71-429d69a157da",-
"7f70cbea-44bb-4a5e-a700-878a7eafb2f9",Warner Independent Pictures (WIP)
"42398ea1-ea27-4594-8e43-009f891a8e3c",United Artists
"0b6bc63d-565f-4fdc-b56c-8febca5c3e99",Paramount Classics
"2a621c34-2ebb-43b2-9c76-c060cb0b6a56",Open Road Films (II)
dabbb051-cf09-4b4f-9dc4-8440b1aa6d33,Sony Pictures Entertainment (SPE)
"5cf87593-d6b4-4364-bfc0-cbb3b9e087cd",Lionsgate
"8ef80bed-6961-4aa3-8703-d03d2488520b",Aviron Pictures
"52e15110-9dfc-4902-bfdc-a92137eecdb1",Annapurna Pictures
"7e868d7d-669f-4212-b171-6d96800049ac",TriStar Pictures
ed6b3793-3e6d-4eda-a4aa-b91ff0c0c3a9,FUNimation Entertainment
feb2f410-0876-4b20-b6b8-566b2209d917,STX Entertainment
c895bf51-cea2-4200-88b1-edd448c4ae88,Reliance Big Pictures
"1bd48384-ab03-4224-9fca-49226170a611",The Weinstein Company
"36476fa3-62ae-4b2c-99fa-e143cd621788",A24
"7b54db8a-431c-48d8-9a53-e4e34ce711f5",Entertainment Studios Motion Pictures
"47f2ed10-c055-4f40-8ac1-be2550bbcf19",Roadside Attractions
"94536a90-d274-4c00-9a75-d5e9990c6f5d",Neon
bc553c08-10b8-4cf2-8275-522ac284b82a,Broad Green Pictures
"7b7a2605-9a9d-4748-834a-9775e8d3cb9a",Bleecker Street Media
a2db809a-437d-4dfe-8997-1fb6f40b5a34,The Orchard
"0c3ef2ac-eeae-4bec-806d-a6c90e7dc0cb",Purdie Distribution
dadcc494-a53c-4731-88f6-b868ea915193,Matson Films
"38e415e0-c594-414f-afc8-42a8249c8744",GKIDS
"0ac4503a-9d16-4b8c-8ec7-f190afd921e5",Cohen Media Group
"63400b09-faf9-4a81-be30-52e2182a0f90",The Cinema Guild
b70a2d93-ad65-40d7-9d8b-f121ce2dc1b3,GathrFilms
e786fad2-9ce9-4664-9d88-234869eea3b6,Rialto Pictures
"7304f673-e3cd-45f3-8f54-7223467d65d2",Icarus Films
c7fa4cd3-deff-450e-bfdb-1684cb43c623,IFC Films
"39ef6576-80e5-458a-9cc0-c6c9f3053386",Revolution Studios
be506024-2bf6-4c80-8c58-44cf1abf204a,Dimension Films
bd8a9b80-52d8-441d-9110-3b34520ff629,USA Films
"5caf49cd-5aa0-47c4-8607-49930890e987",DreamWorks
"14db578a-7588-4a9a-9527-db93a2feb89b",FilmDistrict
"6de7486f-82a9-42a9-ae27-76dd83d664bb",FIP
"905d147a-a212-4f59-be42-217862a6fd2a",Millennium Entertainment
"21d06aaa-efa8-47a5-b731-cd1fe599e61a",Arc Entertainment
c7b08e1c-09bd-485c-8938-75aa3a639f44,Relativity Media
caa3d5e6-dd60-4c57-bdb1-54440558baba,UTV Motion Pictures
cc68ebac-87e3-41af-9b18-1d258ac8eb4d,Arenas Entertainment
"3fcb606d-8f3d-4e9a-b3d6-5713c362eb3b",Entertainment One
c6f0721e-666a-4fa7-826f-ac0fe6481fd5,Freestyle Releasing
a7327423-add5-4de6-ae4f-89052de8b91a,Paramount Vantage
ad040db3-dec8-475f-9de7-52026aabf3f2,Picturehouse
"37072323-9a76-4c34-8c20-7defe8cf1d6d",First Look International
eef92d20-8ff9-48ce-8947-a7e87961791f,Fox Atomic
e9a3f16a-f452-43e0-b871-4ff0d46c2260,Yari Film Group Releasing
"610633a9-d677-4999-a9bc-00b2d072e66d",Summit Entertainment
cc5702e9-285f-4492-a7f0-4ab7bfeb1acf,Overture Films
e3dbe674-60cc-48b4-8036-fc57d4fa404d,American Zoetrope
"6250f35a-9a8b-4d0f-84b0-d7c98d345eba",Hannover House
"488dd4cf-46ec-4ef6-8150-0f51b8f79c19",Argot Pictures
"24dd9d02-5068-4606-b53f-b4839db4167d",Vivendi Entertainment
e1a4a2f7-0fac-47b7-a983-63b5d12d47f3,Adlabs Films
fa072aec-5b72-42a5-a668-a876abed16ca,National Geographic Entertainment
"148333f1-f4ff-4a3e-87a9-fb798ec39b96",Third Rail Releasing
"63113849-4ce5-45ef-a987-9daab0d84b3f",Magic Lamp
"4d795adc-de07-48c4-9ecd-b3187b08e900",Fathom Events
"7d29a7fc-3ec7-4090-84f3-bdaa1c2e73ac",Orion Pictures
"1c7c1e6b-eabd-47e2-a5d4-02c65c26a373",Pure Flix Entertainment
"119d264f-1c2b-47af-aaa2-dd74157dd0e3",Lightyear Entertainment
"9b078a9a-74c8-44a1-96c9-fdf9568b134d",Atlas Distribution Company
"0cc8c67e-963c-4595-bd92-bc652d33998d",Triumph Releasing Corporation
"553d5bba-8a76-4b59-86d7-8f6945da3bc3",RADiUS-TWC
"88776c88-9861-4a89-8622-7444949a08ce",CBS Films
"14999363-2643-4272-b9e3-dd861ab4e860",Clarius Entertainment
a7077736-b18b-41b4-a338-29f9820dab71,Ten Furlongs
"75dd5c7b-600a-4a30-ace3-85df466c920b",The Film Collaborative
"5ba059af-2dfb-4744-b88b-acb063285b2e","21st Century Film Production"
"3bbef3c1-10a9-40ec-9b93-335b150ee206",Balcony Releasing
bc5a4eb7-3d8a-4415-b691-d797e30dd5b3,Anchor Bay Films
c55418d1-fdea-4bbf-bd22-50068b1301f6,Embrem Entertainment
"88393c8c-b6ea-412f-8349-f48c9e85c577",Pantelion Films
b1684f12-6d7f-487c-ac17-3795fbc142fe,EuropaCorp
f3916514-6800-4f70-b23b-907a4662695e,Focus World
ba95d08a-3eee-42d1-a5a5-8d0142a3d46f,Blue Sky Cinema
"69b941a1-6702-40ee-93d0-423b28865e0f",CanZion Films
aeacda20-2bb6-45e7-b543-985142329004,Hammond Entertainment
b10a3202-4d49-4b71-a094-1136799333b0,ArtAffects Entertainment
ca2b251c-b144-4b16-b2ce-2b0e33c79a08,Vertical Entertainment
d4ea603d-341e-4864-adde-53204895795b,The Samuel Goldwyn Company
"9f0410f1-7cb6-46fb-9d02-c93167063254",Motion Film Group
cf832514-d757-450a-8a30-f6c11bae0292,Codeblack Entertainment
"961ea29d-fc4b-4e1a-8358-89e34f65d5d1",Visio Entertainment
"8c5e0ae8-7208-4848-9025-fa5f0c613c74",Fabrication Films
"491e34e9-d730-49bf-8f95-0df9c87a980f",Newmarket Films
e208897e-1393-4481-bdd7-ea1cb9bbfc29,Sony Pictures Repertory
"1fa1b34c-a3bc-49e0-81b3-d72c519750a8",Artisan Entertainment
"61582b8f-c1a0-42e0-a091-9345888236d3",Rocky Mountain Pictures
"8f121d14-37cd-414e-98eb-caca2a3db712",The Film Arcade
"06c84f48-2927-453b-a73f-cc55673d76e2",United Artists Releasing
b7185808-b48b-4b6c-975e-868ec8fa9e6a,Greenwich Entertainment
"5cd9d9ce-20d4-4bf6-82ef-6aee38400c8f",Amazon Studios
f9a178f1-d319-4c87-8b06-0e044064d28f,"1091 Media"
"08f7ee59-2bd6-49f0-8f3e-7fcfd991fcbd",BH Tilt
"6a2d766b-a862-445c-92c3-1836d94e4e38",Viva Pictures
b4191f17-3243-4b6b-8440-2a1c91bbc9f9,Ketchup Entertainment
"22acb02f-1005-4561-bcce-b4501ce549e6",Striped Entertainment
a768a725-acad-440d-97a6-4e494750b878,Sony Pictures Classics
aa533a53-ce27-4bc5-9b89-d354651a4033,IDP Distribution
aff77aad-faf0-4b84-a01b-c443ec6d2887,Fine Line Features
"7097cbc5-0a51-45fd-83a7-af9bf9ad3fa6",Yash Raj Films
"1149cd03-0b05-44c1-99fe-0fe03f315ed9",Apparition
"78c33a85-a1d4-42c7-87d2-c39ccd4e8fac",Image Entertainment
"82c5dbdc-ea4a-4b6b-8e4e-1a267e9b623f",Elephant Eye Films
c99dbc85-3a04-4df0-b190-e579df5eb0a3,Moving Visions Entertainment
"7f3dd087-66dc-4c31-be20-27335c7b606a",Dada Films
dc24650c-8fc0-48ec-88b2-b2a6d9ba3179,Rogue Pictures
"06a40dab-ad49-4352-bd97-9aa09fb8382b",Under The Milky Way
d1bd9148-0d97-4a66-a1b9-543a42779b11,Global View Entertainment
"7df57c86-90fc-47c1-9512-991e067668e1",Quiver Distribution
"61396093-dfa1-46b9-b0ba-a97889b98faf","3DLive AXO"
bc7eb5a9-6c0b-4e3e-b8c0-1a3e5a99a524,Eros International
d978c4d6-4d0e-4b95-8984-df43b624f968,Excel Entertainment
"7fd41eab-b53c-4eda-bc8e-4c5bc4eb9003",Alchemy
dd8a5b60-81ae-4dd6-b1fe-04f95fc144df,Janus Films
"793f3600-ba10-4130-939e-d02b78c5b12a",R.S. Entertainment
c5a870a3-8c43-43cf-8d26-8be0ce7bb296,CJ Entertainment
"9006ae11-60b7-49f7-9b68-de694bd87866",Spanglish Movies
cbd4bf48-08db-4d2c-a9bd-e8a27c771355,Mypheduh Films
"4e63a01f-62ca-4db0-b99d-469436dcdb4f",Magnolia Pictures
"15ce0615-4188-480d-b0e8-79e15207c8b0",Film Collective
e104498f-ceeb-463b-ad3b-b5cd7cf3d476,Studio 8
"85b6c97f-ba07-4c0f-96ed-0f45703c7ad9",LD Entertainment
"1fdbe1d5-55b6-4d5d-8e3a-9544a9e232ac",Blue Fox Entertainment
cd4303fc-3a6b-445b-ba83-c4abe3e6dd4e,THINKFilm
"7fdcc889-1111-4706-8bd6-d439d1e178c8",Televisa Cine
a66af490-09c8-408c-80b5-1e844165cbe5,Transatlantic
"10c27a85-fe00-4b00-8060-5b75fbab1c33",Providence Film Partners
a2740512-43ad-438b-b4ab-ae9a57b0c802,Tostie Productions
f99d0d5a-863f-44c8-8ecb-b7e2f58d729c,Mitropoulos Films
"864989a6-8915-4f69-88cd-1f142b63d7b3",BBC Worldwide North America
"8f47fc26-a6f9-484f-b737-8f36e213ddff",Affirm Films
"23e3b678-d82c-429a-9aa2-5e3fe3d40bae",Dragon Dynasty
b3c899a1-3933-46fb-bd88-2c767336cbfa,Echo Bridge Entertainment
a1697dd8-5802-4cbf-964c-bae7643e5c4f,Goodbye Cruel Releasing
ee1a7122-a0d7-4eb7-85b2-a1d0e7ba276b,Citadel Film Group
"0d1e9353-f8c8-48c5-848d-5b0538e6e99a",TriCoast Worldwide
bd4d3365-685d-4e1a-a54c-57d037807e0a,Phase 4 Films
"7744ec44-3fd4-4b7c-ac1e-bc4db55c9f8f",Abramorama
bf468246-78c4-4766-9bec-c84aab3bb106,Maya Entertainment
"425f763b-0fbf-4025-bb34-6ad613de2811",ImaginAsian Pictures
"1916129d-bcae-4dc8-b1d4-07502bd4f709",Saban Films
"2dbb39dd-f2bf-496e-af81-d89b9b84da68",Monterey Media
"589d9281-0f38-4c83-82ff-e99ba0ad6f0e",Truly Indie
"92a74ab6-5d08-486c-80d5-ac1e7ca2efab",ABKCO Films
"338476f2-af7f-4190-aec9-3a0013e2560a",The Bigger Picture
"3770a5ec-b122-4a4f-ad82-14ee0bcee29b",GVN Releasing
"86a09248-4bd3-4e8a-850d-3eda08cc07cb",Tulip Pictures
"517d7027-6bbc-4a9d-8146-1949cd85da97",Mr. Pictures
"12df24b7-40b5-46e0-a8ab-ce52203c27a5",SingularDTV
c6fb2fde-81ce-430e-bcf8-6f0653a8e7b1,Destination Films
"81f4c718-c305-4973-ba6b-7bdc67904ed0",CMC Pictures
c3edaaf5-a354-4655-95e3-9f9797f5e74a,Round Hill Media
"800b48a5-45d0-4de3-9356-aac64247885c",Red Dirt Pictures
a3fa7bec-a1dd-41db-8139-ae1a32b087d1,Linn Productions
"1532e139-7487-46a5-a3b1-561521668123",Chicago Pictures
"235a747c-c747-49d0-bf0b-691025029991",MAC Releasing
df94dab2-45df-4b49-80ce-ffb45da5d926,Big Bull Productions
"27e4f369-4258-48a8-8027-96ebae5ac8df",Palisades Tartan
ec1a31c0-f8c7-4ae7-bda4-cbd28502bcb8,Outsider Films
"8bc97e86-7e57-4d96-9e0c-edfa078fb909",Synergetic Distribution
"0e277c5d-6926-4a4b-b732-094e8cb46785",Full Circle Releasing
"2bb585fb-fc49-40b6-b62a-0b65d5fe342b",After Dark Films
c3b21a69-9363-42a3-82cc-b44cae55a9dd,Well Go USA Entertainment
ef0e4e80-c85c-42db-a8bc-d35c7b2abefc,Five & Two Pictures
ab4a7cd6-f8d2-4bd9-9bfb-0c58ecd717c9,Sumerian Films
"36eca0e5-3b82-433c-8f01-9bd91e9fe9ec",Quaker Media
"0a9cb1fd-f71f-4968-b0d9-c0d92e251804",Cinedigm Entertainment Group
d8796003-1589-4ff0-88b1-c84d6b100ddc,High Top Releasing
fff85db0-2463-468a-85e6-57b20c77ed83,Alliance Atlantis Vivafilm
"40937f16-1e07-4fc3-9ae0-a86eb73c9bdb",Myriad Pictures
faf1e2c6-b417-4ab5-9e20-5b665a86ffcd,Slowhand Cinema Releasing
bb044b09-23df-45dc-a479-28cf4f7b07de,Reel Source
d9e1e337-3f05-458e-8e71-2baa0ddbad0a,Innovation Film Group (IFG)
"5f7e0b55-9a77-4b39-a166-b8af13f579cd","101 Studios"
cc427824-a1fe-432b-ac73-f765d5762551,CMC Pictures Holdings
b8e47f51-b4be-4ccc-adc9-677752a0c121,Milestone
"0d201770-eacb-4503-8e7e-2d6e0cbb2a43","7-57 Releasing"
a57704b5-2901-4ee2-8319-58c794c53303,Lafayette Films
d87e3134-3fca-49c5-973d-1dc42332cc01,Cortelyou Films
"1ac0520b-5c2d-4df6-933c-9ba40f617f88",Newcity
"7d313aba-80f1-4fb4-818f-3e6537f4529c",Sumbadhat Productions
"946f73e9-cb9f-4b2b-88ba-20e4742474d6",Arrow Films
"5b8bf015-8843-4377-a663-1dd9ef3fa448",Electric Entertainment
a1c1e4cf-7d5c-40b9-b7ea-353a246f94f0,Dreamwest Pictures
ea2f74f8-ee06-4a97-9f6d-c6d2e0a85849,JBG Pictures
"60819702-20a0-4be5-b94c-d50df6c19511",Thinking Man Films
df35df82-291f-4fd8-b506-35e0100ccba5,Cinelou Films
"32b83743-7429-4119-93c9-33a6e7cf9a1e",Screenvision
bcea329a-1a39-46de-966c-5e259aa5f4ee,Aascar Film
aeaf3de8-6bbc-47c7-83f7-42e3a51162fb,"25th Frame"
"8451f5ad-283a-4879-9155-85d60032e481",MarVista Entertainment
"4c5d7f0b-2c89-4490-86ff-444d912dd188",Liberation Entertainment
d2c50890-59fc-4834-8e94-72339c96bdcd,Empire Pictures Inc.
"8bc4fdd1-d5e8-4f0b-a91a-c8d849cf1c22",Cinema Libre Studio
d6be8082-94d5-4d0f-9152-33c9f905ab93,Fair Trade Pictures
a817cac8-981b-4765-a5b2-778adfc67f67,Citizens United
"91aa69f3-c6f7-4210-9782-38d1b24080d9",Aliquot Films
"996092fb-77de-469c-b2cb-c9cb0e6d06e1",The H Collective
"182ba72e-d1ca-40e2-93b0-c993eb57ae6f",Corinth Films
c13bb028-276a-40d3-a8f9-a5b28aafb062,Capelight Pictures
"2066824f-0dd4-4c4a-a49b-7202b91904f4",Great India Films
"3214a87e-0a74-4f8e-b2a0-74cd1e2a81bf",Zeitgeist Films
b91f4b27-8557-4a77-800e-662de09cbae4,Lorber Films
"9a938b70-100b-4c83-b1b6-d4b64709e58a","20th Century Studios"
f970f6d0-9fb7-47b0-b275-19f24dee6bb1,Solstice Studios
"5b413c51-56d4-499f-886f-7624a07ad5b0",Stage 6 Films
"36687563-8170-4537-ab9b-51374a45380b",Trafalgar Releasing
"20679c70-03f6-4122-82a1-28aee658f5f0",Cloudburst Entertainment
da2ebe7c-3703-4bb7-9f35-dd8281054601,ATO Pictures
ea13844b-7a1f-4a03-a9b0-7ca5227e8037,Kenn Viselman Presents
"1cd5b63f-0141-405c-bfc1-54a9a2febf38",Geneon Entertainment
dacdc697-b82a-42b9-b025-46d8d6cbe9bb,Not That Kind of Movie Productions
"74a6cada-9a90-4f2a-b06a-81f371eeca31",RLJE Films
a94ee6b3-eb65-4058-93e1-cca46a80d91d,Cinema Purgatorio
"0e962b97-cff5-43d9-a6b1-e3561ffb33d3",Outsider Pictures
"015dcc11-f2fe-41c0-bf9f-1ee6e13dd75d",Wellspring Media
"3fe33783-258d-4b23-887b-39908e558fe1",XLrator Media
"1b060ea7-ada3-43e3-93d9-f22c0095c04a",Roebuck Media
"506ba225-f0ad-4513-850f-644c70ddb073",Priority Films
"4bf56af6-7a97-47a0-8696-1cb9e41d5791",Searchlight Pictures
"0a9500ee-c9d3-4d86-9445-d798d8102e15",Conglomerate Media
ec446983-3d9f-4f26-907f-97e269d4d6b2,Studio 18
bc1a4383-e12f-4a25-89ff-53154e7f6ad9,Wolfe Releasing
"7dc83aef-bcbb-4319-89ca-84452e395ed7","8x Entertainment"
"75d2662d-420e-4135-b50c-01b469e44134",truTV
e41b3204-02f5-428c-b435-e4740b583ec3,Senator Distribution
"51423a48-c3a3-4505-992c-de54f4ef75fc",Rockstone Releasing
